Workflow,Required check/job,Purpose,Required on main
ci.yml,changes,Conservative complete PR diff classification,no
ci.yml,policy,Repository policies generated drift and graph validation,no
ci.yml,dataset,Conditional synthetic dataset tests,no
ci.yml,python,Conditional Python bootstrap and binding tests,no
ci.yml,cpp,Conditional native build and tests,no
ci.yml,android,Conditional JVM lint debug build and runner preflight,no
ci.yml,ci-required,Required aggregate of policy and selected tests,yes
issue-governance.yml,issue-governance-check,Issue governance,no
pull-request-governance.yml,pull-request-governance-check,Pull request governance,yes
sensitive-review.yml,sensitive-review-check,Author-aware review policy,yes
issue-close-guard.yml,issue-close-guard,Issue close guard,no
wip-limit.yml,wip-limit-enforcement,WIP limit enforcement,no
inactivity-accountability.yml,inactivity-accountability,Inactivity accountability,no
