timestamp_ns,measurement_id,kind,event,expected_decision,z0,z1,z2,z3,z4,z5,r0,r1,r2,r3,r4,r5
1009456086,gnss_000,position,normal,accept,0.38886562046018391,-0.79121342343510292,0.067598275919999465,0,0,0,0.64000000000000012,0.64000000000000012,0.64000000000000012,0,0,0
2001675263,gnss_001,velocity,normal,accept,-0.26500342062363136,-0.21716401571961852,0.43972826308079727,0,0,0,0.040000000000000008,0.040000000000000008,0.040000000000000008,0,0,0
3009470948,gnss_002,position_velocity,normal,accept,0.38679248200928029,-0.040894768439880637,-0.50251766284843469,1.3428825305807961,0.0085856996095838838,0.038165183595073281,0.64000000000000012,0.64000000000000012,0.64000000000000012,0.040000000000000008,0.040000000000000008,0.040000000000000008
4006129230,gnss_003,position,normal,accept,2.9188051898210836,1.1984857629437282,-0.57983481784130586,0,0,0,0.64000000000000012,0.64000000000000012,0.64000000000000012,0,0,0
5006844182,gnss_004,velocity,normal,accept,4.2476431322425023,0.090229888400859215,0.045386569807959631,0,0,0,0.040000000000000008,0.040000000000000008,0.040000000000000008,0,0,0
6008679073,gnss_005,position_velocity,normal,accept,10.979525654731241,-0.29146943743634252,-0.2661041417963243,4.8126909035904513,-0.25537632082517797,-0.059327334703424932,0.64000000000000012,0.64000000000000012,0.64000000000000012,0.040000000000000008,0.040000000000000008,0.040000000000000008
12011910419,gnss_return_biased,position_velocity,biased_return,reject,70.422470812099007,-18.511410421699395,12,10.799806737486527,-2.4671650430563417,3,0.64000000000000012,0.64000000000000012,0.64000000000000012,0.040000000000000008,0.040000000000000008,0.040000000000000008
12801570821,gnss_007,velocity,good_reacquisition,accept,2.0779123413693434,2.7543805131619963,0.11020115086913106,0,0,0,0.040000000000000008,0.040000000000000008,0.040000000000000008,0,0,0
13806322027,gnss_008,position_velocity,normal,accept,39.215546023192836,12.61957062738281,0.61727901225398063,0.96025744298379667,1.3888040079504143,0.12315642568660726,0.64000000000000012,0.64000000000000012,0.64000000000000012,0.040000000000000008,0.040000000000000008,0.040000000000000008
13806322027,gnss_008,position_velocity,duplicate_id,duplicate,39.215546023192836,12.61957062738281,0.61727901225398063,0.96025744298379667,1.3888040079504143,0.12315642568660726,0.64000000000000012,0.64000000000000012,0.64000000000000012,0.040000000000000008,0.040000000000000008,0.040000000000000008
14803630059,gnss_009,position,normal,accept,40.810424048364595,13.515684280609342,-0.4212709274026904,0,0,0,0.64000000000000012,0.64000000000000012,0.64000000000000012,0,0,0
15805068675,gnss_010,velocity,normal,accept,0.070623422984407866,0.076283742980269326,-0.57993399660302669,0,0,0,0.040000000000000008,0.040000000000000008,0.040000000000000008,0,0,0
16801603307,gnss_011,position_velocity,normal,accept,40.247636445201643,14.25107068366311,0.25944369498068126,-0.037966621879348093,-0.23039136525459064,0.2550272480930299,0.64000000000000012,0.64000000000000012,0.64000000000000012,0.040000000000000008,0.040000000000000008,0.040000000000000008
17800729744,gnss_012,position,normal,accept,38.896613444719236,14.361783030801384,0.75485491551674955,0,0,0,0.64000000000000012,0.64000000000000012,0.64000000000000012,0,0,0
